{
    "1-floor": {
        "blocks": [
            [
                6621.574880114969,
                9011.382997938948,
                98.0,
                29.0
            ],
            [
                6632.810292448227,
                8659.166320326669,
                37.0,
                358.0
            ],
            [
                6815.536625230623,
                9019.618714037986,
                207.0,
                18.0
            ],
            [
                7017.528111924259,
                8666.054352626796,
                32.0,
                371.0
            ],
            [
                6638.082675441628,
                8619.860178802635,
                847.0,
                43.0
            ]
        ],
        "npc": [
            [
                5855.460245573245,
                8569.583911682972,
                1,
                2,
                1,
                810,
                1000
            ],
            [
                6097.617722332432,
                8888.611363172764,
                1,
                1,
                1,
                222,
                1000
            ],
            [
                6521.392428293755,
                9143.142731267984,
                1,
                3,
                1,
                96,
                1000
            ]
        ],
        "stairs": [
            [
                6254.221158061888,
                8307.827607663598,
                6262.982828360441,
                8694.984663335132,
                1
            ]
        ],
        "rooms": [
            [
                154,
                5827.415555900733,
                8136.030209104842
            ],
            [
                148,
                6768.677275394719,
                9028.329467979182
            ],
            [
                155,
                6224.329166772953,
                8135.536791904198
            ]
        ]
    },
    "2-floor": {
        "blocks": [
            [
                6193.888550591632,
                8867.430795240614,
                0.0,
                0.0
            ]
        ],
        "npc": [],
        "stairs": [],
        "rooms": []
    },
    "3-floor": {
        "blocks": [],
        "npc": [],
        "stairs": [],
        "rooms": []
    },
    "4-floor": {
        "blocks": [],
        "npc": [],
        "stairs": [],
        "rooms": []
    }
}